signalPnotm;signalPtm;predsi;phobius;philius;signalP3nn;signalP3hmm
TRUE;TRUE;FALSE;TRUE;TRUE;TRUE;TRUE
TRUE;TRUE;FALSE;TRUE;TRUE;TRUE;FALSE
TRUE;TRUE;TRUE;TRUE;TRUE;TRUE;TRUE
TRUE;TRUE;TRUE;TRUE;TRUE;TRUE;TRUE
TRUE;TRUE;FALSE;TRUE;FALSE;TRUE;FALSE
TRUE;TRUE;TRUE;TRUE;FALSE;TRUE;TRUE
TRUE;TRUE;FALSE;TRUE;TRUE;TRUE;TRUE
TRUE;TRUE;FALSE;TRUE;TRUE;TRUE;TRUE
TRUE;TRUE;FALSE;TRUE;TRUE;TRUE;TRUE
TRUE;TRUE;FALSE;TRUE;TRUE;TRUE;TRUE
TRUE;TRUE;TRUE;TRUE;TRUE;TRUE;TRUE
TRUE;TRUE;TRUE;TRUE;TRUE;TRUE;TRUE
TRUE;TRUE;TRUE;TRUE;TRUE;TRUE;TRUE
TRUE;TRUE;FALSE;TRUE;TRUE;TRUE;TRUE
TRUE;TRUE;FALSE;TRUE;TRUE;TRUE;TRUE
TRUE;TRUE;FALSE;FALSE;FALSE;TRUE;FALSE
TRUE;FALSE;TRUE;FALSE;TRUE;TRUE;TRUE
FALSE;FALSE;FALSE;FALSE;FALSE;TRUE;FALSE
TRUE;TRUE;FALSE;TRUE;TRUE;TRUE;TRUE
FALSE;FALSE;FALSE;FALSE;FALSE;FALSE;FALSE
TRUE;FALSE;FALSE;FALSE;FALSE;TRUE;FALSE
FALSE;FALSE;FALSE;FALSE;FALSE;FALSE;FALSE
TRUE;TRUE;FALSE;TRUE;TRUE;TRUE;TRUE
TRUE;TRUE;FALSE;TRUE;TRUE;TRUE;TRUE
TRUE;TRUE;TRUE;TRUE;TRUE;FALSE;TRUE
TRUE;FALSE;FALSE;TRUE;FALSE;TRUE;FALSE
TRUE;TRUE;TRUE;TRUE;TRUE;TRUE;TRUE
TRUE;TRUE;TRUE;TRUE;TRUE;TRUE;TRUE
TRUE;TRUE;TRUE;TRUE;TRUE;TRUE;TRUE
TRUE;TRUE;TRUE;TRUE;TRUE;TRUE;TRUE
TRUE;TRUE;FALSE;TRUE;TRUE;TRUE;TRUE
TRUE;TRUE;TRUE;TRUE;TRUE;TRUE;TRUE
TRUE;TRUE;FALSE;TRUE;TRUE;TRUE;TRUE
TRUE;TRUE;FALSE;TRUE;TRUE;TRUE;TRUE
TRUE;TRUE;FALSE;TRUE;TRUE;TRUE;TRUE
TRUE;TRUE;TRUE;TRUE;TRUE;TRUE;TRUE
TRUE;TRUE;TRUE;TRUE;TRUE;TRUE;TRUE
TRUE;TRUE;TRUE;TRUE;TRUE;TRUE;TRUE
TRUE;TRUE;TRUE;TRUE;TRUE;TRUE;TRUE
FALSE;FALSE;FALSE;TRUE;TRUE;FALSE;TRUE
FALSE;FALSE;FALSE;TRUE;TRUE;FALSE;TRUE
TRUE;TRUE;FALSE;FALSE;FALSE;TRUE;FALSE
TRUE;FALSE;TRUE;FALSE;TRUE;TRUE;TRUE
TRUE;FALSE;TRUE;FALSE;TRUE;TRUE;TRUE
FALSE;FALSE;FALSE;FALSE;FALSE;FALSE;FALSE
FALSE;FALSE;FALSE;FALSE;FALSE;FALSE;FALSE
FALSE;FALSE;FALSE;FALSE;FALSE;FALSE;FALSE
FALSE;FALSE;FALSE;FALSE;FALSE;FALSE;FALSE
FALSE;FALSE;FALSE;FALSE;FALSE;FALSE;FALSE
FALSE;FALSE;FALSE;FALSE;FALSE;FALSE;FALSE
FALSE;FALSE;FALSE;FALSE;FALSE;FALSE;FALSE
FALSE;FALSE;FALSE;FALSE;FALSE;FALSE;FALSE
FALSE;FALSE;FALSE;FALSE;FALSE;FALSE;FALSE
FALSE;FALSE;FALSE;FALSE;FALSE;FALSE;FALSE
FALSE;FALSE;FALSE;FALSE;FALSE;FALSE;FALSE
FALSE;FALSE;FALSE;FALSE;FALSE;FALSE;FALSE
FALSE;FALSE;FALSE;FALSE;FALSE;FALSE;FALSE
TRUE;TRUE;TRUE;TRUE;TRUE;TRUE;TRUE
TRUE;TRUE;TRUE;TRUE;TRUE;TRUE;TRUE
TRUE;TRUE;TRUE;TRUE;TRUE;TRUE;TRUE
TRUE;TRUE;TRUE;TRUE;TRUE;TRUE;TRUE
TRUE;TRUE;TRUE;TRUE;TRUE;TRUE;TRUE
TRUE;TRUE;TRUE;TRUE;TRUE;TRUE;TRUE
TRUE;TRUE;TRUE;TRUE;TRUE;TRUE;TRUE
TRUE;TRUE;TRUE;TRUE;TRUE;TRUE;TRUE
TRUE;TRUE;TRUE;TRUE;TRUE;TRUE;TRUE
TRUE;TRUE;FALSE;TRUE;TRUE;TRUE;TRUE
TRUE;TRUE;FALSE;TRUE;FALSE;TRUE;TRUE
TRUE;TRUE;FALSE;TRUE;TRUE;TRUE;TRUE
FALSE;FALSE;FALSE;FALSE;FALSE;TRUE;FALSE
TRUE;TRUE;FALSE;TRUE;TRUE;TRUE;FALSE
TRUE;FALSE;FALSE;TRUE;TRUE;TRUE;TRUE
TRUE;FALSE;FALSE;FALSE;FALSE;TRUE;FALSE
TRUE;TRUE;TRUE;TRUE;TRUE;TRUE;TRUE
TRUE;FALSE;FALSE;FALSE;FALSE;TRUE;FALSE
FALSE;FALSE;FALSE;FALSE;FALSE;FALSE;FALSE
TRUE;TRUE;FALSE;TRUE;TRUE;TRUE;TRUE
TRUE;FALSE;FALSE;TRUE;TRUE;TRUE;FALSE
TRUE;TRUE;TRUE;TRUE;TRUE;TRUE;TRUE
TRUE;TRUE;FALSE;TRUE;TRUE;TRUE;TRUE
FALSE;FALSE;FALSE;FALSE;FALSE;FALSE;FALSE
FALSE;FALSE;FALSE;FALSE;FALSE;FALSE;FALSE
TRUE;TRUE;FALSE;TRUE;TRUE;TRUE;TRUE
TRUE;FALSE;FALSE;FALSE;FALSE;TRUE;FALSE
TRUE;FALSE;FALSE;FALSE;FALSE;TRUE;FALSE
FALSE;FALSE;FALSE;TRUE;FALSE;FALSE;FALSE
TRUE;TRUE;TRUE;TRUE;TRUE;TRUE;TRUE
TRUE;TRUE;TRUE;TRUE;TRUE;TRUE;TRUE
TRUE;TRUE;TRUE;TRUE;TRUE;TRUE;TRUE
TRUE;TRUE;TRUE;TRUE;TRUE;TRUE;TRUE
TRUE;TRUE;FALSE;FALSE;FALSE;TRUE;FALSE
TRUE;TRUE;TRUE;TRUE;TRUE;TRUE;TRUE
TRUE;TRUE;FALSE;TRUE;TRUE;TRUE;TRUE
TRUE;TRUE;FALSE;TRUE;FALSE;TRUE;TRUE
TRUE;FALSE;FALSE;TRUE;TRUE;TRUE;FALSE
TRUE;TRUE;FALSE;TRUE;FALSE;TRUE;FALSE
TRUE;TRUE;FALSE;TRUE;FALSE;TRUE;FALSE
TRUE;TRUE;TRUE;TRUE;TRUE;TRUE;TRUE
TRUE;TRUE;TRUE;TRUE;TRUE;TRUE;TRUE
TRUE;FALSE;FALSE;FALSE;FALSE;TRUE;FALSE
TRUE;TRUE;FALSE;FALSE;FALSE;TRUE;TRUE
TRUE;TRUE;TRUE;TRUE;FALSE;TRUE;TRUE
FALSE;FALSE;FALSE;FALSE;FALSE;FALSE;FALSE
FALSE;FALSE;FALSE;FALSE;FALSE;FALSE;FALSE
FALSE;FALSE;FALSE;FALSE;FALSE;FALSE;FALSE
FALSE;FALSE;FALSE;FALSE;FALSE;FALSE;FALSE
FALSE;FALSE;FALSE;FALSE;FALSE;FALSE;FALSE
FALSE;FALSE;FALSE;FALSE;FALSE;FALSE;FALSE
TRUE;FALSE;TRUE;TRUE;TRUE;TRUE;TRUE
FALSE;FALSE;FALSE;FALSE;FALSE;FALSE;FALSE
FALSE;FALSE;FALSE;FALSE;FALSE;FALSE;FALSE
FALSE;FALSE;FALSE;FALSE;FALSE;FALSE;FALSE
FALSE;FALSE;FALSE;FALSE;FALSE;FALSE;FALSE
FALSE;FALSE;FALSE;FALSE;FALSE;FALSE;FALSE
FALSE;FALSE;FALSE;FALSE;FALSE;FALSE;FALSE
FALSE;FALSE;FALSE;FALSE;FALSE;FALSE;FALSE
FALSE;FALSE;FALSE;FALSE;FALSE;FALSE;FALSE
FALSE;FALSE;FALSE;FALSE;FALSE;FALSE;FALSE
FALSE;FALSE;FALSE;FALSE;FALSE;FALSE;FALSE
FALSE;FALSE;FALSE;FALSE;FALSE;FALSE;FALSE
FALSE;FALSE;FALSE;FALSE;FALSE;FALSE;FALSE
FALSE;FALSE;FALSE;FALSE;FALSE;FALSE;FALSE
FALSE;FALSE;FALSE;FALSE;FALSE;FALSE;FALSE
FALSE;FALSE;FALSE;FALSE;FALSE;FALSE;FALSE
FALSE;FALSE;FALSE;FALSE;FALSE;FALSE;FALSE
FALSE;FALSE;FALSE;FALSE;FALSE;FALSE;FALSE
FALSE;FALSE;FALSE;FALSE;FALSE;FALSE;FALSE
FALSE;FALSE;FALSE;FALSE;FALSE;FALSE;FALSE
FALSE;FALSE;FALSE;FALSE;FALSE;FALSE;FALSE
FALSE;FALSE;FALSE;FALSE;FALSE;FALSE;FALSE
FALSE;FALSE;FALSE;FALSE;FALSE;FALSE;FALSE
TRUE;TRUE;FALSE;TRUE;TRUE;TRUE;TRUE
FALSE;FALSE;FALSE;FALSE;FALSE;FALSE;FALSE
TRUE;TRUE;FALSE;TRUE;TRUE;TRUE;TRUE
FALSE;FALSE;FALSE;FALSE;FALSE;FALSE;FALSE
FALSE;FALSE;FALSE;FALSE;FALSE;FALSE;FALSE
FALSE;FALSE;FALSE;FALSE;FALSE;FALSE;FALSE
FALSE;FALSE;FALSE;FALSE;FALSE;FALSE;FALSE
FALSE;FALSE;FALSE;FALSE;FALSE;FALSE;FALSE
FALSE;FALSE;FALSE;FALSE;FALSE;FALSE;FALSE
FALSE;FALSE;FALSE;FALSE;FALSE;FALSE;FALSE
FALSE;FALSE;FALSE;FALSE;FALSE;FALSE;FALSE
FALSE;FALSE;FALSE;FALSE;FALSE;FALSE;FALSE
FALSE;FALSE;FALSE;FALSE;FALSE;FALSE;FALSE
FALSE;FALSE;FALSE;FALSE;FALSE;FALSE;FALSE
FALSE;FALSE;FALSE;FALSE;FALSE;FALSE;FALSE
FALSE;FALSE;FALSE;FALSE;FALSE;FALSE;FALSE
FALSE;FALSE;FALSE;FALSE;FALSE;FALSE;FALSE
FALSE;FALSE;FALSE;FALSE;FALSE;FALSE;FALSE
FALSE;FALSE;FALSE;FALSE;FALSE;FALSE;FALSE
FALSE;FALSE;FALSE;FALSE;FALSE;FALSE;FALSE
FALSE;FALSE;FALSE;FALSE;FALSE;FALSE;FALSE
FALSE;FALSE;FALSE;FALSE;FALSE;FALSE;FALSE
FALSE;FALSE;FALSE;FALSE;FALSE;FALSE;FALSE
FALSE;FALSE;FALSE;FALSE;FALSE;FALSE;FALSE
FALSE;FALSE;FALSE;FALSE;FALSE;FALSE;FALSE
FALSE;FALSE;FALSE;FALSE;FALSE;FALSE;FALSE
FALSE;FALSE;FALSE;FALSE;FALSE;FALSE;FALSE
FALSE;FALSE;FALSE;FALSE;FALSE;FALSE;FALSE
FALSE;FALSE;FALSE;FALSE;FALSE;FALSE;FALSE
FALSE;FALSE;FALSE;FALSE;FALSE;FALSE;FALSE
FALSE;FALSE;FALSE;FALSE;FALSE;FALSE;FALSE
FALSE;FALSE;FALSE;FALSE;FALSE;FALSE;FALSE
FALSE;FALSE;FALSE;FALSE;FALSE;FALSE;FALSE
TRUE;FALSE;FALSE;FALSE;FALSE;TRUE;FALSE
FALSE;FALSE;FALSE;FALSE;FALSE;FALSE;FALSE
FALSE;FALSE;FALSE;FALSE;FALSE;FALSE;FALSE
FALSE;FALSE;FALSE;FALSE;FALSE;FALSE;FALSE
FALSE;FALSE;FALSE;FALSE;FALSE;FALSE;FALSE
FALSE;FALSE;FALSE;FALSE;FALSE;FALSE;FALSE
FALSE;FALSE;FALSE;FALSE;FALSE;FALSE;FALSE
FALSE;FALSE;FALSE;FALSE;FALSE;FALSE;FALSE
FALSE;FALSE;FALSE;FALSE;FALSE;FALSE;FALSE
FALSE;FALSE;FALSE;FALSE;FALSE;FALSE;FALSE
FALSE;FALSE;FALSE;FALSE;FALSE;FALSE;FALSE
FALSE;FALSE;FALSE;FALSE;FALSE;FALSE;FALSE
FALSE;FALSE;FALSE;FALSE;FALSE;FALSE;FALSE
FALSE;FALSE;FALSE;FALSE;FALSE;FALSE;FALSE
FALSE;FALSE;FALSE;FALSE;FALSE;FALSE;FALSE
FALSE;FALSE;FALSE;FALSE;FALSE;FALSE;FALSE
TRUE;TRUE;TRUE;TRUE;TRUE;TRUE;TRUE
FALSE;FALSE;FALSE;FALSE;FALSE;FALSE;FALSE
FALSE;FALSE;FALSE;FALSE;FALSE;FALSE;FALSE
FALSE;FALSE;FALSE;FALSE;FALSE;FALSE;FALSE
FALSE;FALSE;FALSE;FALSE;FALSE;FALSE;FALSE
FALSE;FALSE;FALSE;FALSE;FALSE;FALSE;FALSE
FALSE;FALSE;TRUE;FALSE;FALSE;TRUE;FALSE
FALSE;FALSE;FALSE;FALSE;FALSE;FALSE;FALSE
FALSE;FALSE;FALSE;FALSE;FALSE;FALSE;FALSE
FALSE;FALSE;FALSE;FALSE;FALSE;FALSE;FALSE
FALSE;FALSE;FALSE;FALSE;FALSE;FALSE;FALSE
FALSE;FALSE;FALSE;FALSE;FALSE;FALSE;FALSE
FALSE;FALSE;FALSE;FALSE;FALSE;FALSE;FALSE
FALSE;FALSE;FALSE;FALSE;FALSE;FALSE;FALSE
FALSE;FALSE;FALSE;FALSE;FALSE;FALSE;FALSE
FALSE;FALSE;FALSE;FALSE;FALSE;FALSE;FALSE
TRUE;TRUE;TRUE;TRUE;TRUE;TRUE;TRUE
TRUE;TRUE;TRUE;TRUE;TRUE;TRUE;TRUE
TRUE;TRUE;TRUE;TRUE;TRUE;TRUE;TRUE
FALSE;FALSE;FALSE;FALSE;FALSE;FALSE;FALSE
FALSE;FALSE;TRUE;FALSE;FALSE;FALSE;FALSE
FALSE;FALSE;FALSE;FALSE;FALSE;FALSE;FALSE
FALSE;FALSE;TRUE;FALSE;FALSE;FALSE;FALSE
FALSE;FALSE;FALSE;FALSE;FALSE;FALSE;FALSE
FALSE;FALSE;TRUE;FALSE;FALSE;FALSE;FALSE
FALSE;FALSE;FALSE;FALSE;FALSE;FALSE;FALSE
FALSE;FALSE;FALSE;FALSE;FALSE;FALSE;FALSE
FALSE;FALSE;FALSE;FALSE;FALSE;FALSE;FALSE
FALSE;FALSE;FALSE;FALSE;FALSE;FALSE;FALSE
FALSE;FALSE;FALSE;FALSE;FALSE;FALSE;FALSE
FALSE;FALSE;FALSE;FALSE;FALSE;FALSE;FALSE
FALSE;FALSE;FALSE;FALSE;FALSE;FALSE;FALSE
FALSE;FALSE;FALSE;FALSE;FALSE;FALSE;FALSE
FALSE;FALSE;FALSE;FALSE;FALSE;FALSE;FALSE
FALSE;FALSE;FALSE;FALSE;FALSE;FALSE;FALSE
FALSE;FALSE;FALSE;FALSE;FALSE;FALSE;FALSE
FALSE;FALSE;FALSE;FALSE;FALSE;FALSE;FALSE
FALSE;FALSE;FALSE;FALSE;FALSE;FALSE;FALSE
FALSE;FALSE;FALSE;FALSE;FALSE;FALSE;FALSE
FALSE;FALSE;FALSE;FALSE;FALSE;FALSE;FALSE
FALSE;FALSE;FALSE;FALSE;FALSE;FALSE;FALSE
TRUE;TRUE;FALSE;TRUE;TRUE;TRUE;FALSE
FALSE;FALSE;FALSE;FALSE;FALSE;FALSE;FALSE
TRUE;TRUE;TRUE;TRUE;TRUE;TRUE;TRUE
TRUE;TRUE;FALSE;TRUE;TRUE;TRUE;TRUE
TRUE;TRUE;FALSE;TRUE;TRUE;TRUE;TRUE
FALSE;FALSE;FALSE;FALSE;FALSE;FALSE;FALSE
FALSE;FALSE;FALSE;FALSE;FALSE;FALSE;FALSE
FALSE;FALSE;FALSE;FALSE;FALSE;FALSE;FALSE
FALSE;FALSE;FALSE;FALSE;FALSE;FALSE;FALSE
FALSE;FALSE;FALSE;FALSE;FALSE;FALSE;FALSE
FALSE;FALSE;FALSE;FALSE;FALSE;FALSE;FALSE
FALSE;FALSE;FALSE;FALSE;FALSE;FALSE;FALSE
TRUE;TRUE;TRUE;TRUE;TRUE;TRUE;TRUE
FALSE;FALSE;FALSE;FALSE;FALSE;FALSE;FALSE
FALSE;FALSE;FALSE;FALSE;FALSE;FALSE;FALSE
FALSE;FALSE;FALSE;FALSE;FALSE;FALSE;FALSE
FALSE;FALSE;FALSE;FALSE;FALSE;FALSE;FALSE
FALSE;FALSE;FALSE;FALSE;FALSE;FALSE;FALSE
FALSE;FALSE;FALSE;FALSE;FALSE;FALSE;FALSE
FALSE;FALSE;FALSE;FALSE;FALSE;FALSE;FALSE
FALSE;FALSE;FALSE;FALSE;FALSE;FALSE;TRUE
FALSE;FALSE;FALSE;FALSE;FALSE;FALSE;FALSE
TRUE;TRUE;TRUE;TRUE;TRUE;TRUE;TRUE
FALSE;FALSE;FALSE;FALSE;FALSE;FALSE;FALSE
FALSE;FALSE;FALSE;FALSE;FALSE;FALSE;FALSE
FALSE;FALSE;FALSE;FALSE;FALSE;FALSE;FALSE
FALSE;FALSE;FALSE;FALSE;FALSE;FALSE;FALSE
FALSE;FALSE;FALSE;FALSE;FALSE;FALSE;FALSE
FALSE;FALSE;FALSE;FALSE;FALSE;FALSE;FALSE
FALSE;FALSE;FALSE;FALSE;FALSE;FALSE;FALSE
FALSE;FALSE;FALSE;FALSE;FALSE;FALSE;FALSE
FALSE;FALSE;FALSE;FALSE;FALSE;FALSE;FALSE
TRUE;FALSE;FALSE;TRUE;TRUE;TRUE;TRUE
TRUE;TRUE;FALSE;TRUE;TRUE;TRUE;TRUE
TRUE;FALSE;FALSE;FALSE;FALSE;TRUE;FALSE
TRUE;FALSE;FALSE;TRUE;TRUE;TRUE;TRUE
TRUE;FALSE;TRUE;TRUE;FALSE;TRUE;TRUE
FALSE;FALSE;FALSE;FALSE;FALSE;FALSE;FALSE
FALSE;FALSE;FALSE;FALSE;FALSE;FALSE;FALSE
FALSE;FALSE;FALSE;FALSE;FALSE;FALSE;FALSE
FALSE;FALSE;FALSE;FALSE;FALSE;FALSE;FALSE
FALSE;FALSE;FALSE;FALSE;FALSE;FALSE;FALSE
FALSE;FALSE;FALSE;FALSE;FALSE;FALSE;FALSE
FALSE;FALSE;FALSE;FALSE;FALSE;FALSE;FALSE
TRUE;TRUE;FALSE;TRUE;TRUE;FALSE;FALSE
TRUE;TRUE;FALSE;TRUE;TRUE;TRUE;TRUE
FALSE;FALSE;FALSE;FALSE;FALSE;FALSE;FALSE
FALSE;FALSE;FALSE;FALSE;FALSE;FALSE;FALSE
FALSE;FALSE;FALSE;FALSE;FALSE;FALSE;FALSE
FALSE;FALSE;FALSE;FALSE;FALSE;FALSE;FALSE
FALSE;FALSE;FALSE;FALSE;FALSE;FALSE;FALSE
FALSE;FALSE;FALSE;FALSE;FALSE;FALSE;FALSE
FALSE;FALSE;FALSE;FALSE;FALSE;FALSE;FALSE
FALSE;FALSE;FALSE;FALSE;FALSE;FALSE;FALSE
FALSE;FALSE;FALSE;FALSE;FALSE;FALSE;FALSE
FALSE;FALSE;FALSE;FALSE;FALSE;FALSE;FALSE
FALSE;FALSE;FALSE;FALSE;FALSE;FALSE;FALSE
FALSE;FALSE;FALSE;FALSE;FALSE;FALSE;FALSE
FALSE;FALSE;FALSE;FALSE;FALSE;FALSE;FALSE
FALSE;FALSE;FALSE;FALSE;FALSE;FALSE;FALSE
TRUE;FALSE;TRUE;TRUE;TRUE;TRUE;TRUE
TRUE;FALSE;TRUE;TRUE;TRUE;TRUE;TRUE
FALSE;FALSE;FALSE;FALSE;FALSE;FALSE;FALSE
FALSE;FALSE;FALSE;FALSE;FALSE;FALSE;FALSE
FALSE;FALSE;FALSE;FALSE;FALSE;FALSE;FALSE
FALSE;FALSE;FALSE;FALSE;FALSE;FALSE;FALSE
FALSE;FALSE;FALSE;FALSE;FALSE;FALSE;FALSE
FALSE;FALSE;FALSE;FALSE;FALSE;FALSE;FALSE
FALSE;FALSE;FALSE;FALSE;FALSE;FALSE;FALSE
FALSE;FALSE;FALSE;FALSE;FALSE;FALSE;FALSE
FALSE;FALSE;FALSE;FALSE;FALSE;FALSE;FALSE
FALSE;FALSE;FALSE;FALSE;FALSE;FALSE;FALSE
FALSE;FALSE;FALSE;TRUE;FALSE;FALSE;FALSE
FALSE;FALSE;FALSE;FALSE;FALSE;FALSE;FALSE
FALSE;FALSE;FALSE;FALSE;FALSE;FALSE;FALSE
FALSE;FALSE;FALSE;FALSE;FALSE;FALSE;FALSE
FALSE;FALSE;FALSE;FALSE;FALSE;FALSE;FALSE
FALSE;FALSE;FALSE;FALSE;FALSE;FALSE;FALSE
FALSE;FALSE;FALSE;FALSE;FALSE;FALSE;FALSE
FALSE;FALSE;FALSE;FALSE;FALSE;FALSE;FALSE
FALSE;FALSE;FALSE;FALSE;FALSE;FALSE;FALSE
TRUE;TRUE;FALSE;TRUE;TRUE;TRUE;TRUE
TRUE;TRUE;FALSE;TRUE;FALSE;TRUE;TRUE
FALSE;FALSE;FALSE;FALSE;FALSE;FALSE;FALSE
FALSE;FALSE;FALSE;FALSE;FALSE;FALSE;FALSE
FALSE;FALSE;FALSE;FALSE;FALSE;FALSE;FALSE
FALSE;FALSE;FALSE;FALSE;FALSE;FALSE;FALSE
FALSE;FALSE;FALSE;FALSE;FALSE;FALSE;FALSE
FALSE;FALSE;FALSE;FALSE;FALSE;FALSE;FALSE
FALSE;FALSE;FALSE;FALSE;FALSE;FALSE;FALSE
FALSE;FALSE;FALSE;FALSE;FALSE;FALSE;FALSE
FALSE;FALSE;FALSE;FALSE;FALSE;FALSE;FALSE
FALSE;FALSE;FALSE;FALSE;FALSE;FALSE;FALSE
FALSE;FALSE;FALSE;FALSE;FALSE;FALSE;FALSE
FALSE;FALSE;FALSE;FALSE;FALSE;FALSE;FALSE
FALSE;FALSE;FALSE;FALSE;FALSE;FALSE;FALSE
FALSE;FALSE;FALSE;FALSE;FALSE;FALSE;FALSE
FALSE;FALSE;FALSE;FALSE;FALSE;FALSE;FALSE
FALSE;FALSE;FALSE;FALSE;FALSE;FALSE;FALSE
FALSE;FALSE;FALSE;FALSE;FALSE;FALSE;FALSE
FALSE;FALSE;FALSE;FALSE;FALSE;FALSE;FALSE
FALSE;FALSE;FALSE;FALSE;FALSE;FALSE;FALSE
FALSE;FALSE;FALSE;FALSE;FALSE;FALSE;FALSE
FALSE;FALSE;FALSE;FALSE;FALSE;FALSE;FALSE
FALSE;FALSE;FALSE;FALSE;FALSE;FALSE;FALSE
FALSE;FALSE;FALSE;FALSE;FALSE;FALSE;FALSE
FALSE;FALSE;FALSE;FALSE;FALSE;FALSE;FALSE
FALSE;FALSE;FALSE;FALSE;FALSE;FALSE;FALSE
FALSE;FALSE;FALSE;FALSE;FALSE;FALSE;FALSE
TRUE;TRUE;FALSE;FALSE;FALSE;FALSE;FALSE
FALSE;FALSE;FALSE;FALSE;FALSE;FALSE;FALSE
FALSE;FALSE;FALSE;FALSE;FALSE;FALSE;FALSE
FALSE;FALSE;FALSE;FALSE;FALSE;FALSE;FALSE
FALSE;FALSE;FALSE;FALSE;FALSE;FALSE;FALSE
FALSE;FALSE;FALSE;FALSE;FALSE;FALSE;FALSE
FALSE;FALSE;FALSE;FALSE;FALSE;FALSE;FALSE
FALSE;FALSE;FALSE;FALSE;FALSE;FALSE;FALSE
FALSE;FALSE;FALSE;FALSE;FALSE;FALSE;FALSE
FALSE;FALSE;FALSE;FALSE;FALSE;FALSE;FALSE
TRUE;FALSE;FALSE;FALSE;FALSE;TRUE;FALSE
FALSE;FALSE;FALSE;FALSE;FALSE;FALSE;FALSE
FALSE;FALSE;FALSE;FALSE;FALSE;FALSE;FALSE
FALSE;FALSE;FALSE;FALSE;FALSE;FALSE;FALSE
FALSE;FALSE;FALSE;FALSE;FALSE;FALSE;FALSE
FALSE;FALSE;FALSE;FALSE;FALSE;FALSE;FALSE
FALSE;FALSE;FALSE;FALSE;FALSE;FALSE;FALSE
FALSE;FALSE;FALSE;FALSE;FALSE;FALSE;FALSE
FALSE;FALSE;FALSE;FALSE;FALSE;FALSE;FALSE
FALSE;FALSE;FALSE;FALSE;FALSE;FALSE;FALSE
FALSE;FALSE;FALSE;FALSE;FALSE;FALSE;FALSE
FALSE;FALSE;FALSE;FALSE;FALSE;FALSE;FALSE
FALSE;FALSE;FALSE;FALSE;FALSE;FALSE;FALSE
FALSE;FALSE;FALSE;FALSE;FALSE;FALSE;FALSE
FALSE;FALSE;FALSE;FALSE;FALSE;FALSE;FALSE
FALSE;FALSE;FALSE;FALSE;FALSE;FALSE;FALSE
FALSE;FALSE;FALSE;FALSE;FALSE;FALSE;FALSE
FALSE;FALSE;FALSE;FALSE;FALSE;FALSE;FALSE
FALSE;FALSE;FALSE;FALSE;FALSE;FALSE;FALSE
FALSE;FALSE;FALSE;FALSE;FALSE;FALSE;FALSE
FALSE;FALSE;FALSE;FALSE;FALSE;FALSE;FALSE
FALSE;FALSE;FALSE;FALSE;FALSE;FALSE;FALSE
FALSE;FALSE;FALSE;FALSE;FALSE;FALSE;FALSE
FALSE;FALSE;FALSE;FALSE;FALSE;FALSE;FALSE
FALSE;FALSE;FALSE;FALSE;FALSE;FALSE;FALSE
FALSE;FALSE;FALSE;FALSE;FALSE;FALSE;FALSE
FALSE;FALSE;FALSE;FALSE;FALSE;FALSE;FALSE
FALSE;FALSE;FALSE;FALSE;FALSE;FALSE;FALSE
FALSE;FALSE;FALSE;FALSE;FALSE;FALSE;FALSE
FALSE;FALSE;FALSE;FALSE;FALSE;FALSE;FALSE
FALSE;FALSE;FALSE;FALSE;FALSE;FALSE;FALSE
FALSE;FALSE;FALSE;FALSE;FALSE;FALSE;FALSE
FALSE;FALSE;FALSE;FALSE;FALSE;FALSE;FALSE
FALSE;FALSE;FALSE;FALSE;FALSE;FALSE;FALSE
FALSE;FALSE;FALSE;FALSE;FALSE;FALSE;FALSE
FALSE;FALSE;FALSE;FALSE;FALSE;FALSE;FALSE
TRUE;TRUE;FALSE;TRUE;FALSE;TRUE;FALSE
TRUE;TRUE;FALSE;TRUE;FALSE;TRUE;FALSE
TRUE;FALSE;FALSE;FALSE;FALSE;TRUE;FALSE
TRUE;FALSE;FALSE;TRUE;FALSE;TRUE;FALSE
FALSE;FALSE;FALSE;FALSE;FALSE;FALSE;FALSE
FALSE;FALSE;FALSE;FALSE;FALSE;FALSE;FALSE
FALSE;FALSE;FALSE;FALSE;FALSE;FALSE;FALSE
FALSE;FALSE;FALSE;FALSE;FALSE;FALSE;FALSE
FALSE;FALSE;FALSE;FALSE;FALSE;FALSE;FALSE
FALSE;FALSE;FALSE;FALSE;FALSE;FALSE;FALSE
FALSE;FALSE;FALSE;FALSE;FALSE;FALSE;FALSE
FALSE;FALSE;FALSE;FALSE;FALSE;FALSE;FALSE
FALSE;FALSE;FALSE;FALSE;FALSE;FALSE;FALSE
FALSE;FALSE;FALSE;FALSE;FALSE;FALSE;FALSE
FALSE;FALSE;FALSE;FALSE;FALSE;FALSE;FALSE
FALSE;FALSE;FALSE;FALSE;FALSE;FALSE;FALSE
FALSE;FALSE;FALSE;FALSE;FALSE;FALSE;FALSE
FALSE;FALSE;FALSE;FALSE;FALSE;FALSE;FALSE
FALSE;FALSE;FALSE;FALSE;FALSE;FALSE;FALSE
FALSE;FALSE;FALSE;FALSE;FALSE;FALSE;FALSE
FALSE;FALSE;FALSE;FALSE;FALSE;FALSE;FALSE
TRUE;TRUE;FALSE;TRUE;TRUE;TRUE;TRUE
FALSE;FALSE;FALSE;FALSE;FALSE;FALSE;FALSE
FALSE;FALSE;FALSE;FALSE;FALSE;FALSE;FALSE
FALSE;FALSE;FALSE;FALSE;FALSE;FALSE;FALSE
FALSE;FALSE;FALSE;FALSE;FALSE;FALSE;FALSE
FALSE;FALSE;FALSE;FALSE;FALSE;FALSE;FALSE
FALSE;FALSE;FALSE;FALSE;FALSE;FALSE;FALSE
FALSE;FALSE;FALSE;FALSE;FALSE;FALSE;FALSE
FALSE;FALSE;FALSE;FALSE;FALSE;FALSE;FALSE
FALSE;FALSE;FALSE;FALSE;FALSE;FALSE;FALSE
FALSE;FALSE;FALSE;FALSE;FALSE;FALSE;FALSE
FALSE;FALSE;FALSE;FALSE;FALSE;FALSE;FALSE
FALSE;FALSE;FALSE;FALSE;FALSE;FALSE;FALSE
FALSE;FALSE;FALSE;FALSE;FALSE;FALSE;FALSE
FALSE;FALSE;FALSE;FALSE;FALSE;FALSE;FALSE
FALSE;FALSE;FALSE;FALSE;FALSE;FALSE;FALSE
FALSE;FALSE;FALSE;FALSE;FALSE;FALSE;FALSE
FALSE;FALSE;FALSE;FALSE;FALSE;FALSE;FALSE
FALSE;FALSE;FALSE;FALSE;FALSE;FALSE;FALSE
FALSE;FALSE;FALSE;FALSE;FALSE;FALSE;FALSE
FALSE;FALSE;FALSE;FALSE;FALSE;FALSE;FALSE
TRUE;TRUE;TRUE;TRUE;TRUE;TRUE;TRUE
FALSE;FALSE;FALSE;FALSE;FALSE;FALSE;FALSE
TRUE;FALSE;TRUE;TRUE;TRUE;TRUE;TRUE
FALSE;FALSE;FALSE;FALSE;FALSE;FALSE;FALSE
FALSE;FALSE;FALSE;FALSE;FALSE;FALSE;FALSE
FALSE;FALSE;FALSE;FALSE;FALSE;FALSE;FALSE
FALSE;FALSE;FALSE;FALSE;FALSE;FALSE;FALSE
FALSE;FALSE;FALSE;FALSE;FALSE;FALSE;FALSE
FALSE;FALSE;FALSE;FALSE;FALSE;FALSE;FALSE
FALSE;FALSE;FALSE;FALSE;FALSE;FALSE;FALSE
FALSE;FALSE;FALSE;FALSE;FALSE;FALSE;FALSE
FALSE;FALSE;FALSE;FALSE;FALSE;FALSE;FALSE
FALSE;FALSE;FALSE;FALSE;FALSE;FALSE;FALSE
FALSE;FALSE;FALSE;FALSE;FALSE;FALSE;FALSE
FALSE;FALSE;FALSE;FALSE;FALSE;FALSE;FALSE
FALSE;FALSE;FALSE;FALSE;FALSE;FALSE;FALSE
FALSE;FALSE;FALSE;FALSE;FALSE;FALSE;TRUE
TRUE;FALSE;TRUE;FALSE;FALSE;TRUE;TRUE
FALSE;FALSE;FALSE;FALSE;FALSE;FALSE;FALSE
FALSE;FALSE;FALSE;FALSE;FALSE;FALSE;FALSE
FALSE;FALSE;FALSE;FALSE;FALSE;FALSE;FALSE
TRUE;FALSE;FALSE;FALSE;FALSE;TRUE;TRUE
FALSE;FALSE;FALSE;FALSE;FALSE;FALSE;FALSE
TRUE;FALSE;TRUE;FALSE;FALSE;FALSE;FALSE
FALSE;FALSE;FALSE;FALSE;FALSE;FALSE;FALSE
FALSE;FALSE;FALSE;FALSE;FALSE;TRUE;FALSE
FALSE;FALSE;FALSE;FALSE;FALSE;FALSE;FALSE
FALSE;FALSE;FALSE;FALSE;FALSE;FALSE;FALSE
FALSE;FALSE;FALSE;FALSE;FALSE;FALSE;FALSE
FALSE;FALSE;FALSE;FALSE;FALSE;FALSE;FALSE
FALSE;FALSE;FALSE;FALSE;FALSE;FALSE;FALSE
FALSE;FALSE;FALSE;FALSE;FALSE;FALSE;FALSE
FALSE;FALSE;FALSE;FALSE;FALSE;FALSE;FALSE
FALSE;FALSE;FALSE;FALSE;FALSE;FALSE;FALSE
FALSE;FALSE;FALSE;FALSE;FALSE;FALSE;FALSE
FALSE;FALSE;FALSE;FALSE;FALSE;FALSE;FALSE
FALSE;FALSE;FALSE;FALSE;FALSE;FALSE;FALSE
FALSE;FALSE;FALSE;FALSE;FALSE;FALSE;FALSE
FALSE;FALSE;FALSE;FALSE;FALSE;FALSE;FALSE
FALSE;FALSE;FALSE;FALSE;FALSE;FALSE;FALSE
FALSE;FALSE;FALSE;FALSE;FALSE;FALSE;FALSE
FALSE;FALSE;FALSE;FALSE;FALSE;FALSE;FALSE
